epoch,accuracy,learning_rate,loss,top3_accuracy,val_accuracy,val_loss,val_top3_accuracy
0,0.4381045699119568,0.0010000000474974513,1.6554889678955078,0.7395205497741699,0.5921513438224792,1.276039719581604,0.8528380990028381
1,0.5254451036453247,0.0010000000474974513,1.3289873600006104,0.8362540602684021,0.6292922496795654,1.0976250171661377,0.8927820324897766
2,0.5568484663963318,0.0010000000474974513,1.2015764713287354,0.8617692589759827,0.6762438416481018,0.9746060371398926,0.9081990122795105
3,0.5868498682975769,0.0010000000474974513,1.1590596437454224,0.8668162226676941,0.643307626247406,1.009181022644043,0.8997897505760193
4,0.5990467071533203,0.0010000000474974513,1.0898493528366089,0.8792934417724609,0.6215837597846985,1.0424045324325562,0.9032936096191406
5,0.6067573428153992,0.0003000000142492354,1.047395944595337,0.8956960439682007,0.6608269214630127,0.976699948310852,0.9166082739830017
0,0.6094210147857666,1.9999999494757503e-05,1.0543676614761353,0.8930323719978333,0.6671338677406311,0.9209902882575989,0.9166082739830017
1,0.6227393746376038,1.9999999494757503e-05,0.9517315030097961,0.9071919322013855,0.6979677677154541,0.8180999159812927,0.9292221665382385
2,0.6433477997779846,1.9999999494757503e-05,0.8956774473190308,0.9205102920532227,0.6895585060119629,0.8309147357940674,0.9264190793037415
0,0.4521239399909973,0.0010000000474974513,1.6501519680023193,0.7390999794006348,0.5858444571495056,1.2718936204910278,0.8458304405212402
1,0.528669536113739,0.0010000000474974513,1.3113058805465698,0.8382167220115662,0.6594253778457642,1.0510716438293457,0.8997897505760193
2,0.5575494170188904,0.0010000000474974513,1.200614333152771,0.8641525506973267,0.6930623650550842,0.9816235899925232,0.9103013277053833
3,0.5754941701889038,0.0010000000474974513,1.1363438367843628,0.8720033764839172,0.5886474847793579,1.1288909912109375,0.896285891532898
4,0.5956820249557495,0.0010000000474974513,1.0955395698547363,0.8872844576835632,0.6257883906364441,1.062732219696045,0.909600555896759
5,0.5977849364280701,0.0003000000142492354,1.0374133586883545,0.8912098407745361,0.6608269214630127,0.9741325378417969,0.9131044149398804
6,0.6133463978767395,0.0003000000142492354,1.0266494750976562,0.8965372443199158,0.6755430698394775,0.9386531114578247,0.9180098176002502
0,0.5989065170288086,1.9999999494757503e-05,1.0615334510803223,0.8920510411262512,0.6916608214378357,0.8850323557853699,0.9180098176002502
1,0.6280667185783386,1.9999999494757503e-05,0.9650879502296448,0.9099957942962646,0.69236159324646,0.8635548949241638,0.9194113612174988
2,0.6319921612739563,1.9999999494757503e-05,0.8933449387550354,0.9184073805809021,0.6797477006912231,0.8619681000709534,0.9194113612174988
3,0.6541427373886108,1.9999999494757503e-05,0.8359083533287048,0.9235945343971252,0.7238962650299072,0.7270296812057495,0.9446390867233276
4,0.6833029389381409,1.9999999494757503e-05,0.7652156949043274,0.9332678914070129,0.6916608214378357,0.799193799495697,0.9390329122543335
5,0.6796579360961914,1.9999999494757503e-05,0.7733328938484192,0.9362119436264038,0.6762438416481018,0.8158025145530701,0.9397336840629578
6,0.6835833191871643,5.999999757477781e-06,0.7147341966629028,0.9404177665710449,0.7070778012275696,0.7388450503349304,0.9488437175750732
7,0.6971821188926697,5.999999757477781e-06,0.6758788228034973,0.9439226388931274,0.7245970368385315,0.7116209268569946,0.9488437175750732
8,0.7102200984954834,5.999999757477781e-06,0.6728082895278931,0.9509322643280029,0.7077785730361938,0.748212993144989,0.9523475766181946
9,0.705173134803772,5.999999757477781e-06,0.6724669337272644,0.9482685923576355,0.6993693113327026,0.7513999342918396,0.948142945766449
10,0.7037712335586548,1.7999999499807018e-06,0.6559386253356934,0.9435020089149475,0.7147862911224365,0.7250237464904785,0.9530483484268188
11,0.7089583873748779,1.7999999499807018e-06,0.6569034457206726,0.9485489726066589,0.7126839756965637,0.7207663655281067,0.950946033000946
